OTHERNAME,STAR,COMP,PER,A,I,R,RSTAR
,,,yrs,au,deg,rjupiter,rsun
,11 Com,b,0.8926405569414458,1.17872,,,12.0698
,11 UMi,b,1.413363519627989,1.53498,,,44.65
,14 And,b,0.5088130573934863,0.823151,,,11.38
,14 Her,b,4.855408286599271,2.93362,,,0.912364
,16 Cyg B,b,2.1862205463231748,1.66027,,,1.1176
,18 Del,b,2.719565270711095,2.58655,,,9
2MASS J10232836-0054079,24 Sex,b,1.246296296413662,1.4118,,,3.92062
2MASS J10232836-0054079,24 Sex,c,2.4914974291222154,2.24032,,,3.92062
2MASS J02365772+2438530,30 Ari B,b,0.9174733939547851,0.99475,,,1.02283
,4 UMa,b,0.7373189370853168,0.876999,,,34.6101
,42 Dra,b,1.3117323277939048,1.16693,,,22.04
,47 UMa,c,6.546341047287052,3.57197,,,1.11869
,47 UMa,b,2.951466185267855,2.10149,,,1.11869
,51 Peg,b,0.01158350544029542,0.0521068,,,1.02451
,55 Cnc,f,0.715141899435959,0.773567,,,0.943
,55 Cnc,c,0.1215084130818065,0.237305,,,0.943
,55 Cnc,e,0.002016596115857419,0.0154393,83.4,0.185565,0.943
,55 Cnc,d,13.440396570946104,5.47467,,,0.943
,55 Cnc,b,0.040113108608867666,0.113377,,,0.943
2MASS J06304711+5809453,6 Lyn,b,2.3950518374318204,2.18639,,,5.49553
,61 Vir,d,0.3367902184135425,0.474527,,,0.978547
,61 Vir,c,0.10409804807984148,0.216926,,,0.978547
,61 Vir,b,0.011540287542582569,0.05006,,,0.978547
2MASS J06364103-1915210,7 CMa,b,2.0890247674947804,1.80264,,,2.3
,70 Vir,b,0.31948225121800516,0.483601,,,1.59775
2MASS J02320943-0102055,75 Cet,b,1.8943594189117152,1.97678,,,10.5
,81 Cet,b,2.6084061546425654,2.28088,,,15.7275
,BD +14 4559,b,0.7363333171298116,0.775866,,,0.725686
,BD +20 2457,b,1.0393924934260073,1.04992,,,32.9639
,BD +20 2457,c,1.702952182351348,1.45701,,,32.9639
2MASS J02425045+4935130,BD +48 738,b,1.0749031765641557,1.11234,,,11.7902
LTT 3669,BD -08 2823,b,0.015332291871521323,0.0558236,,,1.27853
LTT 3669,BD -08 2823,c,0.6505272408345476,0.679166,,,1.27853
TYC 5503-946-1,BD -10 3166,b,0.00954919778941713,0.0437823,,,0.745254
GSC 04804-02268,CoRoT-1,b,0.004131383788142102,0.0253191,85.1,1.49,1.11
2MASS 19241528+0044461,CoRoT-10,b,0.03625156138465451,0.105463,88.55,0.97,0.79
2MASS 18424494+0556156,CoRoT-11,b,0.008198203842795081,0.0440549,83.17,1.43,1.37
2MASS J06430376-0117471,CoRoT-12,b,0.007742922387307305,0.0401409,85.48,1.44,1.116
2MASS J06505307-0505112,CoRoT-13,b,0.011047984078043596,0.051069,88.02,0.885,1.01
2MASS J06534181-0532097,CoRoT-14,b,0.004140102112607546,0.0269122,79.6,1.09,1.21
2MASS J18340592-0600093,CoRoT-16,b,0.0146540296098549,0.0617874,85.01,1.17,1.19
2MASS 18344782-0636440,CoRoT-17,b,0.010316715893049912,0.0480499,88.34,1.02,1.5121
2MASS J06324137-0001537,CoRoT-18,b,0.005202217336378074,0.0295483,86.5,1.31,1
2MASS J06280805-0010144,CoRoT-19,b,0.01066998832522534,0.0516604,88,1.29,1.65
GSC 00465-01282,CoRoT-2,b,0.004772158048600804,0.0280884,88.08,1.466,0.902
2MASS J18390782+0421281,CoRoT-23,b,0.009942169905902748,0.0483417,85.7,1.05,1.61
2MASS 19281326+0007185,CoRoT-3,b,0.011654732149766424,0.0573788,85.9,1.01,1.56
GSC 04800-02187,CoRoT-4,b,0.025194377931488002,0.0903166,90,1.19,1.17
USNO-B1.0 0908-00103649,CoRoT-5,b,0.011055393408090508,0.0496334,85.83,1.388,1.186
2MASS J18441740+0639474,CoRoT-6,b,0.024330685289181836,0.0854177,89.07,1.166,1.025
2MASS 06434947-0103468,CoRoT-7,b,0.002337038278062952,0.0171897,80.1,0.1498,0.87
2MASS  J19262124+0125352,CoRoT-8,b,0.01700868633402379,0.0633825,88.4,0.57,0.77
2MASS J18430881+0612150,CoRoT-9,b,0.26085101951945505,0.406991,89.99,1.05,0.94
alpha PsA,Fomalhaut,b,872.0186243742498,113.443,,1.2,1.842
NLTT 44431,GJ 1214,b,0.004327004995606986,0.0143253,90,0.2389,0.211
2MASS J04091567-5322254,GJ 163,c,0.07017420239221017,0.125354,,,
2MASS J04091567-5322254,GJ 163,b,0.023630894846982244,0.0606753,,,
2MASS J04091567-5322254,GJ 163,d,1.653563475225692,1.03037,,,
,GJ 176,b,0.024047604636776094,0.0656822,,,
,GJ 179,b,6.26433639322157,2.41241,,,
LHS 2037,GJ 317,b,1.897097382932672,0.953818,,,
2MASS J08550761+0132472,GJ 328,b,11.225427977363827,4.43476,,,
2MASS J07590587+1523294,GJ 3470,b,0.009136786517165835,0.0356123,90,0.374365,0.503
2MASS J10583513-3108382,GJ 3634,b,0.007243440124681345,0.0286881,,,0.43
2MASS J11352695-3232232,GJ 433,b,0.020180855384963666,0.0580371,,,
,GJ 436,b,0.007238621404378867,0.0287188,86.36,0.3767,0.464
59 Vir A,GJ 504,b,,,,,0.912273
,GJ 581,d,0.18245427327110378,0.217717,,,0.299
,GJ 581,e,0.00862290832763622,0.028459,,,0.299
,GJ 581,c,0.035368859438336925,0.0729238,,,0.299
,GJ 581,b,0.0146988765635791,0.0406125,,,0.299
,GJ 649,b,1.638091111916287,1.13179,,,
2MASS J17185868-3459483,GJ 667 C,b,0.019710208782693216,0.0504235,,,
2MASS J17185868-3459483,GJ 667 C,c,0.07701738756176695,0.125092,,,
,GJ 674,b,0.012851198497597641,0.0386657,,,
2MASS J17301119-5138132,GJ 676 A,b,2.8934225088970957,1.81539,,,
,GJ 832,b,9.352698041628008,3.4032,,,
2MASS J22094029-0438267,GJ 849,b,5.152745232536274,2.35317,,,
HD 13445,GJ 86,b,0.04316289311576165,0.114217,,,0.748264
2MASS J22531672-1415489,GJ 876,e,0.3402126049920071,0.333345,,,
,GJ 876,d,0.0053054658112136775,0.0208066,,,
,GJ 876,c,0.08237848768920013,0.129574,,,
2MASS J22531672-1415489,GJ 876,b,0.16733170524911076,0.208098,,,
ADS 16402B,HAT-P-1,b,0.012225568160853182,0.0553326,86.11,1.242,1.135
,HAT-P-11,b,0.0133823972487054,0.0525443,88.5,0.422,0.75
,HAT-P-12,b,0.008797066188259274,0.0383737,89,0.959,0.701
,HAT-P-13,b,0.007984427887557868,0.0426946,83.4,1.281,1.56
,HAT-P-13,c,1.2218467666971111,1.22574,,,1.56
2MASS  J17202788+3814317,HAT-P-14,b,0.01267013782014129,0.0606258,83.5,1.15,1.468
2MASS J04245952+3927382,HAT-P-15,b,0.029743282751938514,0.0964692,89.1,1.072,1.08
2MASS J00381756+4227470,HAT-P-16,b,0.007600326597083631,0.0413275,86.6,1.289,1.237
2MASS J21380873+3029193,HAT-P-17,b,0.028305937885077903,0.0882385,89.2,1.01,0.837
2MASS J17052315+3300450,HAT-P-18,b,0.015080467191259375,0.0559503,88.8,0.995,0.749
2MASS J00380401+3442416,HAT-P-19,b,0.010975670418595273,0.0466409,88.2,1.132,0.82
HD 147506,HAT-P-2,b,0.015423937634483156,0.0679088,86.72,1.157,1.506
2MASS J07273995+2420118,HAT-P-20,b,0.007872357047704835,0.03616,86.8,0.867,0.694
2MASS J11250598+4101406,HAT-P-21,b,0.011292454734025742,0.0494951,87.2,1.024,1.105
2MASS J10224361+5007420,HAT-P-22,b,0.008794766892060397,0.0414094,86.9,1.08,1.04
2MASS J20242972+1645437,HAT-P-23,b,0.0033207663382675487,0.0231971,85.1,1.368,1.203
2MASS J07151801+1415453,HAT-P-24,b,0.009186342674822,0.0465021,88.6,1.242,1.317
2MASS J03134450+2511506,HAT-P-25,b,0.010001133519785798,0.0465813,87.6,1.19,0.959
2MASS J14123753+0403359,HAT-P-26,b,0.01159372057975482,0.0478684,88.6,0.565,0.788
WASP-40,HAT-P-27,b,0.00832208602320771,0.0399488,85,1.02,0.87
2MASS J00520018+3443422,HAT-P-28,b,0.00891795911933881,0.0433674,88,1.212,1.103
2MASS J02123147+5146435,HAT-P-29,b,0.015669563961965116,0.0666842,87.1,1.107,1.224
GSC 0346-00819,HAT-P-3,b,0.007939123702986786,0.0388252,87.24,0.899,0.833
WASP-51,HAT-P-30,b,0.0076951540843997294,0.0419042,83.6,1.34,1.215
2MASS J18060904+2625359,HAT-P-31,b,0.01370439947160886,0.0611921,87.1,1.07,1.36
2MASS J02041028+4641162,HAT-P-32,b,0.005886529556142444,0.0344203,88.7,2.037,1.387
2MASS J07324421+3350061,HAT-P-33,b,0.009512794547859318,0.0502683,86.7,1.827,1.777
2MASS J20124688+1806175,HAT-P-34,b,0.01492887189328897,0.0677467,87.1,1.197,1.197
2MASS J08130018+0447132,HAT-P-35,b,0.009984350136005009,0.0497734,87.3,1.332,1.435
2MASS J12330390+4454552,HAT-P-36,b,0.003634155646212182,0.0238229,86,1.264,1.096
2MASS J18571105+5116088,HAT-P-37,b,0.0076589178553069445,0.0379273,86.9,1.178,0.877
2MASS 02213197+3214461,HAT-P-38,b,0.012704944860598906,0.0522992,88.3,0.825,0.923
,HAT-P-39,b,0.009702794499058622,0.0509456,87,1.571,1.625
GSC 0259-01599,HAT-P-4,b,0.008368518226395054,0.0443853,89.91,1.274,1.596
,HAT-P-40,b,0.012203526896124165,0.060845,88.3,1.73,2.206
,HAT-P-41,b,0.007376056235642216,0.0425775,87.7,1.685,1.683
GSC 02634-01087,HAT-P-5,b,0.007634635338055423,0.0407152,86.75,1.254,1.165
GSC 03239-00992,HAT-P-6,b,0.010549123320820284,0.0523738,85.51,1.33,1.46
GSC 03547-01402,HAT-P-7,b,0.006036369854275413,0.037964,83.111,1.363,1.981
GSC 02757-01152,HAT-P-8,b,0.008422731567707195,0.0449613,87.8,1.5,1.58
,HAT-P-9,b,0.010740516867834338,0.0528645,86.5,1.4,1.32
2MASS J11420608-2321174,HATS-1,b,0.00943609201986277,0.0444708,85.6,1.302,1.038
,HATS-2,b,0.0037074932837247838,0.0229834,87.2,1.168,0.898
2MASS J11350375+2026295,HD 100655,b,0.43141236253493126,0.682908,,,9.3
,HD 100777,b,1.0505358115045806,1.03378,,,1.07881
2MASS J01375356-6030414,HD 10180,g,1.6482213761885425,1.42271,,,1.10851
2MASS J01375356-6030414,HD 10180,c,0.01576931694804494,0.0641175,,,1.10851
2MASS J01375356-6030414,HD 10180,d,0.044783160438377295,0.128581,,,1.10851
2MASS J01375356-6030414,HD 10180,f,0.33599622472733875,0.49279,,,1.10851
2MASS J01375356-6030414,HD 10180,h,6.1548200227107035,3.42452,,,1.10851
2MASS J01375356-6030414,HD 10180,e,0.136202772095102,0.269917,,,1.10851
,HD 101930,b,0.19291308391698225,0.302019,,,1.19859
,HD 102117,b,0.0569849268588455,0.152077,,,1.13334
,HD 102195,b,0.011263142677458508,0.0479747,,,0.937994
,HD 102272,b,0.34930246374440904,0.512595,,,12.7057
2MASS J11464664+0328273,HD 102329,b,2.1303671973626326,1.80892,,,7.27206
2MASS J11463107-4030013,HD 102365,b,0.3342987209844203,0.463328,,,0.828702
2MASS J11512253+5738267,HD 102956,b,0.01778217307984941,0.0810025,,,3.42909
2MASS J11525298-5017342,HD 103197,b,0.13098157913099648,0.249018,,,1.01561
2MASS J11590999-2021129,HD 104067,b,0.15279176431823552,0.264333,,,0.858425
2MASS J12051510+7654205,HD 104985,b,0.546226587469261,0.678014,,,7.09522
,HD 106252,b,4.191739081303419,2.61147,,,1.12257
2MASS J12133728-0930482,HD 106270,b,7.912557769410112,4.37827,,,2.66147
,HD 10647,b,2.74612299055998,2.02175,,,1.18569
109 Psc,HD 10697,b,2.9438000393320944,2.13177,,,1.54131
,HD 107148,b,0.13157296753175513,0.270013,,,1.04161
,HD 108147,b,0.029839104100316993,0.101407,,,1.29703
2MASS J12301991+2156537,HD 108863,b,1.2139889671129562,1.45325,,,7.27656
,HD 108874,b,1.0800538409856524,1.03527,,,1.12115
,HD 108874,c,4.60073754965867,2.72021,,,1.12115
2MASS J12320721+7429223,HD 109246,b,0.18691706536942157,0.328074,,,1.00892
,HD 109749,b,0.014346644536923525,0.0629198,,,1.10733
,HD 111232,b,3.129430287348013,1.97489,,,0.874998
,HD 114386,b,2.5673375430800833,1.72685,,,0.637212
,HD 114729,b,3.050030918727635,2.10235,,,1.46377
,HD 114762,b,0.22975192957641055,0.362932,,,0.859205
,HD 114783,b,1.351705803030371,1.15987,,,0.837785
,HD 11506,b,3.8467625141941895,2.60488,,,1.26275
2MASS J13203954+2438555,HD 116029,b,1.8343992060570156,1.64869,,,5.04235
,HD 117207,b,7.1103503554180145,3.73753,,,0.951872
,HD 117618,b,0.07071198252960381,0.174852,,,1.16537
,HD 118203,b,0.016792966463210008,0.0702997,,,2.14975
,HD 11964,b,5.3241104257113,3.1288,,,1.76025
,HD 11964,c,0.10379483558062658,0.226601,,,1.76025
,HD 11977,b,1.946653485830654,2.063,,,8.14661
2MASS J13423920+7803521,HD 120084,b,5.700327085090607,4.26892,,,10.9537
,HD 121504,b,0.17339179908714808,0.328688,,,0.844267
GJ 3021,HD 1237,b,0.36608587490429195,0.494668,,,0.858011
2MASS J14212322-4023382,HD 125595,b,0.026485712835274258,0.0809437,,,1.03336
,HD 125612,c,0.01137530113040795,0.0522124,,,1.0426
,HD 125612,b,1.5315997752125792,1.3728,,,1.0426
,HD 12661,b,0.719272336728869,0.838172,,,1.06782
,HD 12661,c,4.676023757193587,2.91927,,,1.06782
,HD 126614 A,b,3.4059591228879516,2.36847,,,1.10978
,HD 128311,b,1.2435583871508904,1.08649,,,0.58322
,HD 128311,c,2.529280576948464,1.74533,,,0.58322
,HD 130322,b,0.029318901340390377,0.0896052,,,0.986573
2MASS J14532303+1814074,HD 131496,b,2.41757387902738,2.1121,,,4.56407
,HD 131664,b,5.341660971667519,3.17098,,,1.06217
,HD 13189,b,1.2911980083231174,1.25186,,,32.3233
,HD 132406,b,2.6667236219396018,1.98227,,,
,HD 132563 B,b,4.227331901719451,2.62431,,,
,HD 134987,c,13.689546313858326,5.82513,,,1.16572
,HD 134987,b,0.7068734134623885,0.807929,,,1.16572
,HD 136118,b,3.250719667688798,2.33328,,,1.75082
,HD 136418,b,1.2712112707048842,1.29111,,,3.83357
2MASS J15353994-8012164,HD 137388,b,0.9035100567146495,0.88883,,,0.97784
,HD 13931,b,11.548501270370883,5.14931,,,1.22417
,HD 139357,b,3.0820644571020637,2.34618,,,7.76389
,HD 141937,b,1.7884570064904293,1.50087,,,1.06384
2MASS J00061921-4904307,HD 142,b,0.9590896147489143,1.04292,,,1.5121
,HD 142022,b,5.278689058623771,2.93163,,,1.09856
2MASS J15525629+1525507,HD 142245,b,3.556544132340393,2.77628,,,4.51552
,HD 142415,b,1.0576543208296016,1.06061,,,1.11902
,HD 143361,b,2.973369459370028,2.03474,,,
,HD 145377,b,0.2846056678651146,0.450064,,,1.00052
2MASS J16100392+2644336,HD 145457,b,0.48269340302664465,0.762504,,,9.54834
,HD 1461,b,0.015805128801201992,0.0635202,,,1.12553
,HD 147018,c,2.7598125368738384,1.92274,,,1.05268
,HD 147018,b,0.12111415414796738,0.238855,,,1.05268
,HD 147513,b,1.4467113092067332,1.30958,,,0.850084
2MASS J16281729-4619034,HD 148156,b,2.8118328128665,2.12913,,,0.965665
,HD 148427,b,0.907616920608807,1.03886,,,3.92268
,HD 149026,b,0.007873928881412593,0.0431325,84.55,0.654,1.368
,HD 149143,b,0.01114876651800622,0.0530508,,,1.71219
2MASS J00191704+1403172,HD 1502,b,1.182229219664805,1.27206,,,4.48335
2MASS J16534357+1158255,HD 152581,b,1.8864194820496774,1.48938,,,3.809
,HD 153950,b,1.3673118858281696,1.28031,,,1.15135
,HD 154345,b,9.14888479061617,4.21377,,,1
,HD 154672,b,0.44885284453878677,0.598618,,,1.31501
,HD 154857,b,1.1198048884736111,1.29206,,,1.7603
,HD 155358,b,0.5319757697565345,0.626938,,,1.49875
,HD 155358,c,1.0729866400802155,1.00082,,,1.49875
2MASS J17122319+6321074,HD 156279,b,0.3588030088862268,0.494507,,,0.958138
2MASS J17195139-4832576,HD 156411,b,2.3058671811062963,1.87545,,,1.85525
,HD 156668,b,0.01271895748020577,0.0499846,,,0.728691
,HD 156846,b,0.984305786438134,1.11751,,,1.58242
2MASS J17254543+2718118,HD 158038,b,1.4264507259040375,1.49788,,,5.30151
,HD 159868,b,3.2263522752501306,2.29553,,,1.84825
,HD 159868,c,0.9645654332744577,1.02595,,,1.84825
79 Cet,HD 16141,b,0.20677512125230443,0.355656,,,2.05
,HD 16175,b,2.7105301701439486,2.1185,,,1.19707
,HD 162020,b,0.023075641372673626,0.0756944,,,0.526361
2MASS J17534049+5623309,HD 163607,b,0.2061371883940787,0.359201,,,1.69594
2MASS J17534049+5623309,HD 163607,c,3.597612771281968,2.41789,,,1.69594
,HD 16417,b,0.0472015556901835,0.135435,,,1.45645
2MASS J18013121+0006163,HD 164509,b,0.7731855758067181,0.877542,,,1.05601
,HD 164604,b,1.6602681769447378,1.30299,,,
,HD 164922,b,3.1622851985012734,2.10091,,,0.899472
2MASS J18103166+5417114,HD 167042,b,1.1520300804964336,1.29371,,,4.21565
,HD 16760,b,1.2734015981151015,1.08727,,,0.909718
,HD 168443,c,4.790875765275743,2.85281,,,1.58859
,HD 168443,b,0.1591066698955405,0.29385,,,1.58859
,HD 168746,b,0.017533570918789744,0.0655505,,,0.888361
2MASS J00211332-0816521,HD 1690,b,1.4593056370572974,1.36191,,,21.1524
,HD 169830,b,0.6177270878665431,0.813279,,,1.80318
,HD 169830,c,5.75508527034604,3.60184,,,1.80318
,HD 170469,b,3.1349061058735566,2.23538,,,1.22117
,HD 17092,b,0.9853735162924296,1.30798,,,11.8
BD +06 3833,HD 171028,b,1.5058500945244158,1.31895,,,2.14418
,HD 171238,b,4.169835807201246,2.54268,,,1.05059
,HD 17156,b,0.05808920780179919,0.163197,87.816,1.02,1.507
,HD 173416,b,0.885987437432911,1.16272,,,14.3919
2MASS J19000083-6956393,HD 175167,b,3.531902948975448,2.40085,,,
,HD 175541,b,0.8139804238220161,0.961227,,,3.07498
,HD 177830,b,1.12281658866266,1.13872,,,3.99397
,HD 178911 B,b,0.1957167057399697,0.344904,,,0.894377
,HD 179079,b,0.03963397448788263,0.119635,,,1.33814
,HD 179949,b,0.008467022725851054,0.0439208,,,1.22645
2MASS J19145022+3151371,HD 180314,b,1.0842942053354625,1.45528,,,7.38571
,HD 180902,b,1.3114585368676277,1.38103,,,3.85021
,HD 181342,b,1.815233841217614,1.777,,,4.76324
,HD 181433,c,2.633868710786342,1.75604,,,1.00831
,HD 181433,b,0.02566598280200042,0.0800943,,,1.00831
,HD 181433,d,5.946738918740056,3.02208,,,1.00831
,HD 181720,b,2.617441255209712,1.84741,,,1.2465
,HD 183263,c,8.394429799657926,4.29488,,,1.11717
,HD 183263,b,1.7153439596746525,1.49006,,,1.11717
,HD 185269,b,0.01872141367381601,0.0765701,,,2.59
,HD 187085,b,2.6995785330928617,2.02754,,,1.31178
,HD 187123,b,0.008478162731059419,0.042091,,,1.14277
,HD 187123,c,10.419580513006874,4.83146,,,1.14277
2MASS J03001065-2048091,HD 18742,b,2.1136659508597253,1.97816,,,5.60612
,HD 188015,b,1.262723751990292,1.19018,,,1.03281
,HD 189733,b,0.006074258877052853,0.0309953,85.71,1.138,0.756
,HD 190228,b,3.1105387134348885,2.60478,,,1.73503
GJ 777 A,HD 190360,c,0.04684843931883606,0.129216,,,1.07528
GJ 777 A,HD 190360,b,7.9811065298312,3.97285,,,1.07528
,HD 190647,b,2.842223605683265,2.07238,,,1.42287
,HD 192263,b,0.06668342284036156,0.152945,,,0.7401
2MASS J20151734-2701585,HD 192310,c,1.4395926903653413,1.18358,,,0.847025
2MASS J20151734-2701585,HD 192310,b,0.20457658011429883,0.322307,,,0.847025
2MASS J20160600+0434509,HD 192699,b,0.9460297875654934,1.12292,,,3.61317
,HD 195019,b,0.04983356262267116,0.136688,,,1.34728
,HD 196050,b,3.7728389640993547,2.51056,,,1.31321
,HD 196885,b,3.6496330472746297,2.54171,,,1.29927
2MASS J20393296+4214549,HD 197037,b,2.8356526234526136,2.07477,,,1.09866
,HD 19994,b,1.2764132983041503,1.30567,,,1.40403
2MASS J21063983+0348110,HD 200964,c,2.2587751417866238,2.00121,,,3.80029
2MASS J21063983+0348110,HD 200964,b,1.680528705489248,1.64347,,,3.80029
,HD 202206,b,0.700548843065386,0.811776,,,0.985786
,HD 202206,c,3.787623674118322,2.49004,,,0.985786
,HD 2039,b,3.066458374304265,2.19755,,,1.1465
,HD 204313,d,7.752663868464247,3.94498,,,
,HD 204313,b,5.257059575447874,3.07131,,,1.12584
2MASS J21322353-2057264,HD 204941,b,4.744796752383296,2.55427,,,0.850124
,HD 205739,b,0.7660670117235119,0.894939,,,1.46292
,HD 206610,b,1.6701246502907157,1.53703,,,4.98482
,HD 20782,b,1.6205684926345487,1.36607,,,1.12933
2MASS J21523626-2601352,HD 207832,b,0.4434591632911266,0.569755,,,0.901
2MASS J21523626-2601352,HD 207832,c,3.1642017349852134,2.1118,,,0.901
2MASS J03195563-4304112,HD 20794,c,0.10982849216682257,0.203628,90,,1.22683
2MASS J03195563-4304112,HD 20794,d,0.2472578476116463,0.349781,90,,1.22683
2MASS J03195563-4304112,HD 20794,b,0.05014480814766305,0.120738,,,1.22683
,HD 208487,b,0.35614723690133826,0.520765,,,1.20627
2MASS J21562398+2114233,HD 208527,b,2.397039559556593,2.099,,,41.0489
,HD 20868,b,1.042732742726589,0.947319,,,1.15581
,HD 209458,b,0.009650441813502365,0.047235,86.71,1.359,1.155
,HD 210277,b,1.2106760969050026,1.13105,,,0.939154
2MASS J22115133+1602260,HD 210702,b,0.9700138727073733,1.17218,,,5.17
,HD 212301,b,0.00614856390004527,0.034116,,,
,HD 212771,b,1.0220615277926626,1.16471,,,4.00571
,HD 213240,b,2.4167525062485486,1.88529,,,1.3947
,HD 215497,b,0.010771044556114242,0.0465952,,,1.10659
,HD 215497,c,1.5549681866985396,1.28243,,,1.10659
rho Ind,HD 216437,b,3.704391232530063,2.48556,,,1.36865
,HD 216770,b,0.32430535217530376,0.455837,,,1.03957
,HD 217107,b,0.019512576361842084,0.0750282,,,1.5
,HD 217107,c,11.69087255203501,5.33414,,,1.5
2MASS J23030822-0025465,HD 217786,b,3.6113023175958263,2.3791,,,1.15058
2MASS J23091067-0215385,HD 218566,b,0.6179461206075648,0.687282,,,0.590728
,HD 219828,b,0.010495774885044253,0.0515012,,,1.4682
2MASS J23201439+6158123,HD 220074,b,1.8401488155088361,1.60044,,,54.7067
2MASS J23262744+0838376,HD 220773,b,10.197890631045622,4.94302,,,1.35144
,HD 221287,b,1.248760442129249,1.25015,,,1.10236
,HD 222155,b,10.948899141823889,5.13864,,,1.67
,HD 222582,b,1.5671245038252457,1.33658,,,1.13737
,HD 224693,b,0.0731843145938866,0.192441,,,1.17028
2MASS J03404953+3149345,HD 22781,b,1.4458077443918336,1.16847,,,0.720445
,HD 23079,b,2.0003165073809788,1.59509,,,1.16249
,HD 23127,b,3.3238218450048014,2.31864,,,1.51172
,HD 231701,b,0.3876879789875604,0.555583,,,1.24116
,HD 23596,b,4.273876359186569,2.77219,,,1.96615
,HD 240210,b,1.373745972595683,1.33364,,,17.2701
2MASS J23173569+6038580,HD 240237,b,2.041658937248831,1.91887,,,
,HD 24040,b,10.042651175846467,4.92406,,,1.15444
2MASS J03554943-6511122,HD 25171,b,5.051442589813722,3.03064,,,1.06877
,HD 2638,b,0.00942990708283817,0.0435743,,,1.1428
,HD 27894,b,0.04925772280861577,0.122117,,,1.20255
,HD 28185,b,1.0376676105904612,1.02341,,,1.00685
2MASS J04245071-5037196,HD 28254,b,3.0555067372531783,2.14768,,,1.56874
2MASS J04312544+0434309,HD 28678,b,1.0598446756189117,1.31659,,,6.33673
2MASS J05232156-0216391,HD 290327,b,6.688712328951178,3.43052,,,0.997399
2MASS J00331038+5453419,HD 2952,b,0.853132526279651,1.22755,,,11.4311
,HD 30177,b,7.584008657877512,3.80821,,,1.21235
,HD 30562,b,3.1677610170268165,2.34083,,,1.39121
2MASS J04501787-2422077,HD 30856,b,2.496973247647759,2.04004,,,5.5698
2MASS J04544364+1221079,HD 31253,b,1.275865716451596,1.26054,,,1.64612
,HD 32518,b,0.4313302252570481,0.595162,,,24.3641
,HD 330075,b,0.009275297346769452,0.0392074,,,1.20726
2MASS J05073553-1359113,HD 33142,b,0.894201165221226,1.09038,,,4.29546
,HD 33283,b,0.049772455225835364,0.145378,,,1.45431
,HD 33564,b,1.0623087939554061,1.1241,,,
,HD 33636,b,5.825449538399271,3.26519,,,1.03374
,HD 34445,b,2.872066816647477,2.06642,,,1.39357
54 Psc,HD 3651,b,0.17034723851112746,0.29472,,,0.934685
,HD 37124,d,5.09798704728084,2.80658,,,0.772275
,HD 37124,b,0.4226729561681641,0.533637,,,0.772275
,HD 37124,c,2.4244186521843094,1.70993,,,0.772275
,HD 37605,b,0.15062079392650599,0.283337,,,0.916831
,HD 37605,c,7.447113194738929,3.81754,,,0.916831
2MASS J05370199-7341574,HD 38283,b,0.9944086442386688,1.02382,,,1.50465
,HD 38529,b,0.03918001544256877,0.1272,,,2.02418
,HD 38529,c,5.875690994743911,3.6002,,,2.02418
,HD 38801,b,1.9064062196679101,1.6471,,,2.24501
pi Men,HD 39091,b,5.889242824221852,3.34651,,,1.14999
,HD 40307,d,0.05601762351630827,0.132422,,,0.839223
,HD 40307,c,0.026338687107863416,0.0800702,,,0.839223
,HD 40307,b,0.011804495786440033,0.0468927,,,0.839223
,HD 40979,b,0.7232187317611353,0.846038,,,1.27973
,HD 41004 B,b,0.003636764873739603,0.0176759,,,
,HD 4113,b,1.4418377759608143,1.27266,,,1.07428
,HD 4203,b,1.1824482524058268,1.16537,,,1.15783
,HD 4208,b,2.2669888695749387,1.65355,,,0.876501
,HD 4308,b,0.04260186812872711,0.119192,,,0.82259
,HD 4313,b,0.9746956975467128,1.13327,,,4.11574
2MASS J06133564-2953503,HD 43197,b,0.8974866563365519,0.918027,,,1.19673
,HD 43691,b,0.10119312361413148,0.241901,,,1.34586
2MASS J06201431-1043300,HD 44219,b,1.2931145448070576,1.18713,,,1.36324
,HD 45350,b,2.6382493656067765,1.94413,,,1.18013
,HD 45364,b,0.621313749000774,0.68156,,,1.02464
,HD 45364,c,0.9386921907412655,0.897549,,,1.02464
,HD 45652,b,0.1193728438568446,0.227878,,,1.13465
,HD 46375,b,0.00827826852336631,0.0399038,,,0.863012
,HD 47186,c,3.7060339780877256,2.38704,,,1.13117
,HD 47186,b,0.011182990383790867,0.0498411,,,1.13117
2MASS J00491393-2408119,HD 4732,c,7.47996810589219,4.60219,,,5.55146
2MASS J00491393-2408119,HD 4732,b,0.9861949164503538,1.19218,,,5.55146
,HD 48265,b,2.086286858232009,1.59435,,,
,HD 49674,b,0.013545450149358654,0.0571073,,,0.889525
,HD 50499,b,6.72942969413434,3.87172,,,1.18426
,HD 50554,b,3.3512009376325183,2.26097,,,1.25271
,HD 52265,b,0.32660519595603194,0.499878,,,1.34703
,HD 5319,b,1.84699353390758,1.63515,,,4.9902
,HD 5388,b,2.1273554971735837,1.76349,,,1.29538
2MASS J00581422+3357031,HD 5608,b,2.1700668816728217,1.98519,,,5.5
2MASS J01003319+2017330,HD 5891,b,0.4849111095294897,0.636168,,,11.8348
,HD 60532,c,1.6536971947140857,1.57999,,,2.35065
,HD 60532,b,0.5511411345959362,0.759258,,,2.35065
Pollux,HD 62509,b,1.6143808450797772,1.75739,,,8.15609
,HD 63454,b,0.0077155624600444275,0.0362523,,,1.15809
2MASS J07474972-5415509,HD 63765,b,0.9801715160722562,0.94038,,,0.975102
,HD 6434,b,0.06022852522454183,0.142061,,,0.80278
,HD 65216,b,1.6786121142471226,1.37427,,,0.88536
,HD 66428,b,5.401894975448496,3.14259,,,0.979625
2MASS J01074866-0814012,HD 6718,b,6.833821519878076,3.55427,,,0.956629
,HD 68988,b,0.017186157612436647,0.0692771,,,1.10962
,HD 69830,b,0.023729459032860167,0.0781916,,,0.921634
,HD 69830,d,0.539368124766018,0.627426,,,0.921634
,HD 69830,c,0.08640841359516449,0.185072,,,0.921634
,HD 70642,b,5.661996355411803,3.18072,,,1.03139
2MASS J01104719-6611171,HD 7199,b,1.683814196604574,1.36155,,,1.11756
,HD 72659,b,10.01527208321875,4.75375,,,1.34287
,HD 73256,b,0.0069777805151236836,0.0371348,,,1.21851
,HD 73267,b,3.449765671092298,2.19849,,,1.16642
,HD 73526,b,0.5155483141799047,0.646509,,,1.45542
,HD 73526,c,1.034382119475135,1.02831,,,1.45542
,HD 73534,b,4.846099395105847,3.0184,,,2.90137
,HD 74156,c,6.899531342184596,3.8997,,,1.345
,HD 74156,b,0.14138015851100325,0.291535,,,1.345
2MASS J01142933-0502504,HD 7449,b,3.4908343100338732,2.33982,,,0.952526
,HD 75289,b,0.009608054624838932,0.047858,,,1.23372
,HD 75898,b,1.144993681070203,1.18906,,,1.54576
,HD 76700,b,0.0108721555451884,0.0511051,,,1.2353
2MASS J09011248-2531371,HD 77338,b,0.01570492132218455,0.0612143,,,0.88
,HD 7924,b,0.014778686618588896,0.0566409,,,0.763424
2MASS J09150941+2322323,HD 79498,b,5.383003401535371,3.13296,,,1.12815
,HD 80606,b,0.30510357314270725,0.447343,89.285,1.029,0.98
,HD 81040,b,2.742563708518377,1.9372,,,0.918818
,HD 81688,b,0.5038300625352419,0.811148,,,20.8234
2MASS J09354518+3446506,HD 82886,b,1.930226030254024,1.58126,,,3.83685
,HD 82943,c,0.6009710831783805,0.742817,,,1.09738
,HD 82943,b,1.2079655667348588,1.183,,,1.09738
,HD 83443,b,0.008174570210038836,0.0404623,,,0.942509
2MASS J01233723-4116113,HD 8535,b,3.5948748620191964,2.4447,,,1.0437
2MASS J09500249-4947250,HD 85390,b,2.157472499064072,1.52377,,,0.958233
2MASS J09510700-4330097,HD 85512,b,0.1599760382237484,0.260405,90,,0.881928
,HD 8574,b,0.621505402649168,0.757141,,,1.42266
,HD 86081,b,0.005852281049174435,0.0346186,,,1.18909
,HD 86264,b,4.038416162588206,2.84117,,,1.49917
,HD 87883,b,7.5402021096731655,3.57648,,,0.778353
,HD 88133,b,0.009352342113423848,0.0469104,,,1.94267
,HD 89307,b,5.930311463163426,3.26609,,,1.15051
,HD 89744,b,0.703040340494508,0.902604,,,2.02329
2MASS J10235528-2938441,HD 90156,b,0.13626574400814578,0.249855,,,0.920961
,HD 92788,b,0.8920382169036363,0.951142,,,0.813756
,HD 93083,b,0.39310901194875575,0.476549,,,1.14863
,HD 9446,c,0.5281426967886542,0.65375,,,0.919448
,HD 9446,b,0.08227964916481408,0.189213,,,0.919448
,HD 95089,b,1.3881199962252342,1.38575,,,4.34001
2MASS J11044445-0230475,HD 96063,b,0.9886590347868484,1.11312,,,3.66196
2MASS J11054595+4418054,HD 96127,b,1.7722486657920986,1.42112,,,23.2289
,HD 96167,b,1.3659429311967837,1.34724,,,1.98284
2MASS J11143316+2542374,HD 97658,b,0.025985223022039598,0.0796373,89.45,0.208761,0.703
2MASS J11174756-2358315,HD 98219,b,1.1961925569049405,1.32398,,,2.95355
,HD 99109,b,1.2027635391355924,1.10806,,,0.973205
83 Leo B,HD 99492,b,0.04666246135634376,0.121908,,,0.630794
2MASS J11283020+4357597,HD 99706,b,2.3765052400858053,2.13423,,,5.26341
2MASS J02464286-2305119,HIP 12961,b,0.15725181850729059,0.25497,,,
,HIP 14810,c,0.40457855191598824,0.545404,,,1.31998
,HIP 14810,d,2.602920780813695,1.88623,,,1.31998
,HIP 14810,b,0.018272420374532045,0.0692271,,,1.31998
BD -17 0063,HIP 2247,b,1.7949733126731038,1.33884,,,1.07261
2MASS J01060202-2227111,HIP 5158,b,0.9465499903254202,0.887919,,,0.986271
2MASS J11414471+4245072,HIP 57050,b,0.11334122975095862,0.163506,,,
2MASS J11444095+3057339,HIP 57274,b,0.022273439434500046,0.0712798,,,0.68
2MASS J11444095+3057339,HIP 57274,c,0.08769523368657643,0.177758,,,0.68
2MASS J11444095+3057339,HIP 57274,d,1.1819554287385279,1.00678,,,0.68
,HIP 79431,b,0.305824464651595,0.358346,,,
,HR 8799,c,224.90555639037842,42.4842,,1.2,1.44
,HR 8799,e,44.961945913236285,14.5253,,,1.44
,HR 8799,d,112.40212687382794,26.7553,,1.37,1.44
,HR 8799,b,449.7098101380343,67.4293,,1.2,1.44
,KELT-2 A,b,0.011263187031588563,0.0549707,88.6,1.286,1.828
2MASS J09543439+4023170,KELT-3,b,0.007401636521884292,0.0412729,84.14,1.358,1.482
2MASS J19075308+4652061,KOI-13,b,0.004828850566750385,0.0362917,85.9,1.83,2.55
KIC 6046540,KOI-200,b,0.020098219807594693,0.0827067,85.55,1.32,1.51
KIC 757450,KOI-889,b,0.024326115718622275,0.0807413,89.1,1.03,0.88
KOI-72,Kepler-10,b,0.0022929853180249558,0.0167573,84.4,0.126327,1.056
KOI-72,Kepler-10,c,0.12401318937085315,0.239651,89.65,0.198671,1.056
KOI-157,Kepler-11,f,0.12782969798769372,0.250413,89.47,0.221888,1.065
KOI-157,Kepler-11,b,0.028211143252672963,0.0914497,89.64,0.1604,1.065
KOI-157,Kepler-11,c,0.03565880402926445,0.106909,89.59,0.255816,1.065
KOI-157,Kepler-11,g,0.3241156150633937,0.465624,89.87,0.296741,1.1
KOI-157,Kepler-11,d,0.06210810267134384,0.154764,89.67,0.2781,1.065
KOI-157,Kepler-11,e,0.08761200124498818,0.19466,88.89,0.373377,1.1
KOI-20,Kepler-12,b,0.012150741922074411,0.0556348,88.76,1.695,1.483
KOI-98,Kepler-14,b,0.018590740657058926,0.0806879,90,1.136,2.048
KOI-128,Kepler-15,b,0.013532888621661058,0.0571382,87.44,0.96,0.992
KOI-1611,Kepler-16,b,0.6263679294998505,0.646795,89.9678,0.7538,0.6489
KOI-203,Kepler-17,b,0.004067741361119901,0.0267923,87.22,1.33,1.05
KOI-137,Kepler-18,c,0.02092198004330333,0.0752115,87.68,0.489785,1.108
KOI-137,Kepler-18,d,0.04068226518641264,0.117171,88.07,0.622714,1.108
KOI-137,Kepler-18,b,0.009595619040967424,0.0447299,84.92,0.17843,1.108
KOI-84,Kepler-19,b,0.02542694799106858,0.0845828,89.94,0.197074,0.85
KOI-70,Kepler-20,c,0.029717519025775827,0.0930411,88.39,0.273643,0.944
KOI-70,Kepler-20,d,0.21249417563675244,0.345324,89.57,0.24512,0.944
KOI-70,Kepler-20,f,0.053600213911836656,0.137859,88.68,0.0918085,0.944
KOI-70,Kepler-20,e,0.01669712047364816,0.063351,87.5,0.0773688,0.944
KOI-70,Kepler-20,b,0.010119646386343207,0.0453704,86.5,0.170247,0.944
KOI-975,Kepler-21,b,0.00762714441831248,0.0427173,82.58,0.1459,1.86
KOI-87,Kepler-22,b,0.7936166760982992,0.848513,89.764,0.2125,0.979
KOI-168,Kepler-23,b,0.019457335483183628,0.0749015,,0.169356,1.52
KOI-168,Kepler-23,c,0.029410895091619507,0.0986522,,0.28523,1.52
KOI-1102,Kepler-24,b,0.0223019410699255,0.0800144,,0.213923,1.07
KOI-1102,Kepler-24,c,0.03376334944664762,0.105496,,0.249577,1.07
KOI-244,Kepler-25,c,0.03482718873188091,0.113953,,0.401105,1.36
KOI-244,Kepler-25,b,0.017080583831264172,0.0708678,,0.23175,1.36
KOI-250,Kepler-26,b,0.033627976261059137,0.0902469,,,0.59
KOI-250,Kepler-26,c,0.047234520117707283,0.113189,,0.320884,0.59
KOI-841,Kepler-27,b,0.04198529096275093,0.10464,,0.356538,0.59
KOI-841,Kepler-27,c,0.08578116132097276,0.168484,,0.436759,0.59
KOI-870,Kepler-28,c,0.0246027704979883,0.0768547,,0.303057,0.7
KOI-870,Kepler-28,b,0.016186875489710244,0.0581375,,0.320884,0.7
KOI-738,Kepler-29,c,0.03638873063871937,0.109809,,0.25849,0.96
KOI-738,Kepler-29,b,0.028303410794828367,0.0928723,,0.320884,0.96
KOI-806,Kepler-30,d,0.3924601274534788,0.534239,89.84,0.784384,0.95
KOI-806,Kepler-30,c,0.16515917424910143,0.300013,89.68,1.09635,0.95
KOI-806,Kepler-30,b,0.08031383031414403,0.185524,89.82,0.347625,0.95
KOI-935,Kepler-31,c,0.11672200010862907,0.254502,,0.374365,1.22
KOI-935,Kepler-31,b,0.057116346503458544,0.158038,,0.383278,1.22
KOI-952,Kepler-32,f,0.0020341570658688364,0.0130732,,0.0730903,0.53
KOI-952,Kepler-32,e,0.007928985224986742,0.0323795,,0.133702,0.53
KOI-952,Kepler-32,b,0.01615705965783866,0.0520435,,0.1963,0.53
KOI-952,Kepler-32,d,0.06237012058779109,0.128069,,0.240663,0.53
KOI-952,Kepler-32,c,0.023962729449630172,0.0676835,,0.1784,0.53
KOI-707,Kepler-33,d,0.059620602589745275,0.166175,88.71,0.477,1.82
KOI-707,Kepler-33,e,0.08702280317163973,0.213825,88.94,0.358929,1.82
KOI-707,Kepler-33,b,0.015518278047741405,0.0677431,86.39,0.155094,1.82
KOI-707,Kepler-33,f,0.11233373390044392,0.253499,89.17,0.39754,1.82
KOI-707,Kepler-33,c,0.03607365204075961,0.118876,88.19,0.28523,1.82
KOI-2459,Kepler-34,b,0.7907684290922379,0.86856,89.645,0.764,1.1618
KOI-2937,Kepler-35,b,0.35992007586543756,0.48628,89.24,0.728,1.0284
KOI-277,Kepler-36,c,0.04445967645898082,0.128401,89.76,0.327926,1.626
KOI-277,Kepler-36,b,0.03789236302674094,0.115423,89.52,0.132454,1.626
KOI-245,Kepler-37,b,0.03659847639152178,0.102457,88.63,0.0270078,0.77
KOI-245,Kepler-37,d,0.10894739737324223,0.21202,89.335,0.178,0.77
KOI-245,Kepler-37,c,0.058322630993906055,0.139784,89.07,0.066,0.77
KOI-1740,Kepler-38,b,0.289109528602374,0.429659,89.446,0.387735,1.757
KOI-423,Kepler-39,b,0.05773538778777121,0.155007,88.83,1.22,1.39
KOI-7,Kepler-4,b,0.008798161899546235,0.0455763,89.76,0.357,1.487
KOI-428,Kepler-40,b,0.018818991938568414,0.0806644,89.7,1.17,2.13
KOI-196,Kepler-41,b,0.005080349435810065,0.0289537,88.3,0.841,0.966
KOI-961,Kepler-42,c,0.001241053446587288,0.00585017,,0.0650682,0.17
KOI-961,Kepler-42,d,0.005106663481734564,0.0150222,,0.0508067,0.17
KOI-961,Kepler-42,b,0.003323184459728428,0.0112809,,0.0695249,0.17
KOI-135,Kepler-43,b,0.008279697712001478,0.0449294,84.35,1.2,1.42
KOI-204,Kepler-44,b,0.008889279519811277,0.0454854,83.78,1.24,1.52
KOI-254,Kepler-45,b,0.006722221600418241,0.0298817,87,0.96,0.55
KOI-872,Kepler-46,c,0.1560909449798754,0.280101,87.4,,0.953491
KOI-872,Kepler-46,b,0.09199742002754006,0.1969,89.038,0.808,0.938
KOI-3154,Kepler-47,c,0.8300190962833326,0.895669,89.826,0.419091,0.964
KOI-3154,Kepler-47,b,0.13556483923687623,0.267621,89.59,0.265621,0.964
KOI-148,Kepler-48,b,0.013081676520710541,0.0534031,,0.190748,0.89
KOI-148,Kepler-48,c,0.02648633789995895,0.0854683,,0.279882,0.89
KOI-248,Kepler-49,c,0.02987862390398862,0.07889,,0.227293,0.53
KOI-248,Kepler-49,b,0.019723335688653577,0.0598092,,0.242446,0.53
KOI-18,Kepler-5,b,0.009715361502574743,0.0506416,86.3,1.431,1.793
KOI-262,Kepler-50,b,0.021389950065478495,0.0825598,,0.196096,1.88
KOI-262,Kepler-50,c,0.025671011793734277,0.0932375,,0.248685,1.88
KOI-620,Kepler-51,c,0.23357888660257972,0.379271,,0.508958,0.91
KOI-620,Kepler-51,b,0.12363166801227723,0.248169,,0.628398,0.91
KOI-775,Kepler-52,b,0.021567487327504586,0.0630945,,0.187182,0.52
KOI-775,Kepler-52,c,0.04486064902012319,0.10281,,0.16400700000000001,0.52
KOI-829,Kepler-53,c,0.10556913713078389,0.221868,,0.282556,0.89
KOI-829,Kepler-53,b,0.051059139790738804,0.136705,,0.257599,0.89
KOI-886,Kepler-54,b,0.021933236138399537,0.0626016,,0.187182,0.5
KOI-886,Kepler-54,c,0.03305128742134135,0.0822829,,0.109635,0.5
KOI-904,Kepler-55,b,0.07651948479899467,0.153688,,0.216597,0.58
KOI-904,Kepler-55,c,0.11540737052525331,0.202122,,0.196987,0.58
KOI-1241,Kepler-56,c,0.058605080284435805,0.167568,,0.699706,0.58
KOI-1241,Kepler-56,b,0.028757436645128233,0.104248,,0.342276,3.14
KOI-1270,Kepler-57,c,0.031785091452824016,0.0942979,,0.138158,0.73
KOI-1270,Kepler-57,b,0.015686357202219253,0.0588891,,0.195205,0.73
KOI-1336,Kepler-58,c,0.04264062816257832,0.119982,,0.254925,1.03
KOI-1336,Kepler-58,b,0.027977313207249655,0.0905953,,0.247794,1.03
KOI-1529,Kepler-59,b,0.03249397449168528,0.103167,,0.176486,0.94
KOI-1529,Kepler-59,c,0.0492279466764285,0.136086,,0.176486,0.94
KOI-17,Kepler-6,b,0.00885637806420055,0.0456089,86.8,1.323,1.391
KOI-2086,Kepler-60,c,0.02442035975747447,0.0871504,,0.220162,1.5
KOI-2086,Kepler-60,d,0.03258554770005164,0.105629,,0.227293,1.5
KOI-2086,Kepler-60,b,0.019525724349703767,0.0750769,,0.203227,1.5
KOI-1361,Kepler-61,b,0.16393932615616616,0.257458,89.8,0.191639,0.62
KOI-701,Kepler-62,e,0.3350855961065409,0.426299,89.98,0.143507,0.64
KOI-701,Kepler-62,f,0.7318185047555011,0.717595,89.9,0.12568,0.64
KOI-701,Kepler-62,c,0.03406424567462623,0.0928559,89.7,0.0481326,0.64
KOI-701,Kepler-62,b,0.015646965258910198,0.0552794,89.2,0.116766,0.64
KOI-701,Kepler-62,d,0.04973154812354029,0.119499,89.7,0.173812,0.64
KIC 11295426,Kepler-68,b,0.014781323225208942,0.061775,87.6,0.205901,1.243
KIC 11295426,Kepler-68,c,0.02629785119120918,0.0907019,86.93,0.0849452,1.243
KIC 11295426,Kepler-68,d,1.5879873724075657,1.39639,,,1.243
KOI-172,Kepler-69,b,0.037570524530811396,0.104565,89.62,0.199661,0.93
KOI-172,Kepler-69,c,0.6638370391336595,0.709354,89.85,0.15242,0.93
KOI-97,Kepler-7,b,0.013376124151002542,0.0622369,86.5,1.478,1.843
2MASS J19182590+4420435,Kepler-77,b,0.009798377293403038,0.0450195,88,0.96,0.99
KIC 8435766,Kepler-78,b,0.0009719781583288562,0.0091466,79,0.103396,0.74
KOI-10,Kepler-8,b,0.009644394894483701,0.0483278,84.07,1.419,1.486
KOI-377,Kepler-9,c,0.10652824372057024,0.22473,88.12,0.823,1.1
KOI-377,Kepler-9,b,0.052686020533178675,0.140548,88.55,0.842,1.1
KOI-377,Kepler-9,d,0.00436108150711511,0.0266925,,0.146311,1.1
,MOA-2007-BLG-192L,b,,,,,
,MOA-2007-BLG-400L,b,,,,,
,MOA-2008-BLG-310L,b,,,,,
,MOA-2009-BLG-266L,b,,,,,
,MOA-2009-BLG-319L,b,,,,,
,MOA-2009-BLG-387L,b,5.39368124766018,1.76808,,,
,MOA-2010-BLG-073L,b,,,,,14.7
,MOA-2010-BLG-477L,b,,,,,
,MOA-2011-BLG-293L,b,,,,,
,MOA-bin-1L,b,,,,,
2MASS J07370922-1354239,NGC 2423 3,b,1.9556885863978002,1.6555,,,21.2079
2MASS J12240740-6152126,NGC 4349 127,b,1.8557548983066343,1.68103,,,42.3715
2MASS J15525613+1254446,NN Ser,d,7.1322536295201875,3.70596,,,
2MASS J15525613+1254446,NN Ser,c,15.252892502900947,6.15467,,,
,OGLE-05-071L,b,9.856473345977994,3.54863,,,
,OGLE-05-169L,b,9.035100567146495,3.41991,,,
,OGLE-05-390L,b,9.582682419700829,2.72349,,,
,OGLE-2006-BLG-109L,c,14.80031610176479,4.8168,62,,
,OGLE-2006-BLG-109L,b,4.9000909657677045,2.30586,,,
,OGLE-2007-BLG-368L,b,,,,,
EWS 2011-BLG-251,OGLE-2011-BLG-0251,b,,,,,
V5125 Sgr,OGLE-TR-10,b,0.008491017762629983,0.0434855,90,1.25,1.17
,OGLE-TR-111,b,0.010995717390217284,0.0468862,88.25,1.051,0.831
,OGLE-TR-113,b,0.003921987118770694,0.0228946,87.8,1.093,0.774
,OGLE-TR-132,b,0.004626705250061427,0.0303507,83.4,1.2,1.32
USNO-B1.0 0289-00274184,OGLE-TR-182,b,0.010894414747494733,0.0513517,85.7,1.13,1.14
2MASS J10401438-6227201,OGLE-TR-211,b,0.010067949457434477,0.0512842,84.2182,1.36,1.64
,OGLE-TR-56,b,0.0033181239820380473,0.0238309,77.6,1.363,1.363
,OGLE2-TR-L9,b,0.006805165192579276,0.0413279,79.8,1.61,1.53
MOA 2003-BLG-053L b,OGLE235-MOA53,b,,,,,
Kepler-64,PH-1,b,0.3792168603494523,0.629412,89.989,0.550851,1.759
,PSR B1257+12,d,0.26889390176977307,0.416595,,,
,PSR B1257+12,b,0.0691650637961378,0.168494,,,
,PSR B1257+12,c,0.18218568437242588,0.321369,,,
BD +20 2184,Pr 201,b,0.012119081560732499,0.0565986,,,1.12943
2MASS J08421149+1916373,Pr 211,b,0.005873089159571498,0.0320419,,,0.868
J20133160+6509433,Qatar-1,b,0.003887921504141436,0.0234308,83.47,1.164,0.823
2MASS 13503740-0648145,Qatar-2,b,0.003660908305200576,0.0215077,88.3,1.144,0.713
,TrES-1,b,0.008296043030300225,0.0392516,90,1.067,0.807
GSC 03549-02811,TrES-2,b,0.006764360761881559,0.0355765,83.57,1.224,1.003
GSC 03089-00929,TrES-3,b,0.00357621822809991,0.0227178,81.85,1.336,0.812
GSC 02620-00648,TrES-4,b,0.009730378934881045,0.0509243,82.81,1.783,1.816
GSC 03949-00967,TrES-5,b,0.004058251220033282,0.0245157,84.529,1.209,0.866
GSC 02265-00107,WASP-1,b,0.006899380483384217,0.0385203,88.65,1.516,1.517
,WASP-10,b,0.008467700632184516,0.0384536,88.49,1.08,0.698
HAT-P-10,WASP-11,b,0.010191771403843327,0.0436466,89.8,0.91,0.74
2MASS J063032.79+294020.4,WASP-12,b,0.0029882156354519448,0.0225329,82.5,1.79,1.63
,WASP-13,b,0.01191814913784695,0.0537035,85.19,1.389,1.512
,WASP-14,b,0.00614318938416245,0.0367693,84.32,1.281,1.31
USNO-B1.0 0578-0402627,WASP-15,b,0.010272909344845566,0.0499436,85.96,1.379,1.477
USNO-B1.0 0697-0298329,WASP-16,b,0.008538446290998052,0.0417858,85.22,1.008,0.946
USNO-B1.0 0619-0419495,WASP-17,b,0.010227276611162949,0.0499354,86.63,1.932,1.2
,WASP-18,b,0.0025776126153732462,0.0201401,80.6,1.267,1.216
,WASP-19,b,0.0021597723428448,0.0163152,79.4,1.386,0.99
GSC 00522-01199,WASP-2,b,0.0058925978582324515,0.0312729,84.73,1.077,0.84
2MASS J23095825+1823459,WASP-21,b,0.011834563505963793,0.0521087,88.75,1.07,1.06
2MASS J03311633-2349109,WASP-22,b,0.009672184673500835,0.0468682,89.2,1.12,1.13
,WASP-23,b,0.008061570123782018,0.037022,88.39,0.962,0.765
2MASS J15085174+0220358,WASP-24,b,0.006410027937448659,0.0365155,83.64,1.3,1.331
2MASS J13012637-2731199,WASP-25,b,0.010307749240214334,0.0473714,88,1.22,0.92
2MASS J00182469-1516022,WASP-26,b,0.0075473206737563725,0.0399686,82.5,1.32,1.34
2MASS J23513108-3954241,WASP-29,b,0.010740070588624506,0.0456587,88.8,0.792,0.808
2MASS J18343163+3539415,WASP-3,b,0.005056463915401645,0.0314948,85.06,1.29,1.31
2MASS J11174536-1903171,WASP-31,b,0.009325069799257379,0.0466223,84.54,1.537,1.252
2MASS J00155080+0112016,WASP-32,b,0.007443447134236078,0.0390315,85.1,1.1,1.09
2MASS J02265106+3733017,WASP-33,b,0.0033398929069326966,0.0255483,87.67,1.497,1.444
2MASS J11013589-2351382,WASP-34,b,0.011821411137447288,0.0520747,85.2,1.22,0.93
2MASS J05041962-0613473,WASP-35,b,0.008656105477447327,0.0431283,87.96,1.32,1.09
2MASS J08461929-0801370,WASP-36,b,0.00420916669513374,0.0262601,83.65,1.269,0.943
2MASS J14474655+0103538,WASP-37,b,0.009794785512378485,0.0446312,88.82,1.16,1.003
2MASS J16155036+1001572,WASP-38,b,0.01881458390465535,0.0758454,89.5,1.09,1.35
2MASS 14291840-0326403,WASP-39,b,0.011102931179038161,0.0485835,87.83,1.27,0.895
USNO-B1.0 0479-0948995,WASP-4,b,0.003663952038927999,0.0230406,89.47,1.341,0.914
2MASS J12422849-3038235,WASP-41,b,0.008357196971593494,0.0404959,87.7,1.2,0.9
,WASP-42,b,0.013639408898065673,0.0547344,88.3,1.063,0.85
2MASS J10193800-0948225,WASP-43,b,0.00222722073753318,0.0142363,82.6,0.93,0.598
2MASS J00153675-1156172,WASP-44,b,0.006636155148952086,0.0347371,86.02,1.14,0.927
2MASS J00205699-3559537,WASP-45,b,0.008558944196275644,0.0405459,84.47,1.16,0.945
2MASS J21145687-5552184,WASP-46,b,0.0039162232721907065,0.0244921,82.63,1.31,0.917
,WASP-47,b,0.011387347657373217,0.0520112,89.2,1.15,1.15
2MASS J19243895+5528233,WASP-48,b,0.005869075384592276,0.034488,80.09,1.67,1.75
,WASP-49,b,0.00761614815334041,0.0378972,84.89,1.115,0.976
USNO-B1 0487-079949,WASP-5,b,0.004458474141619497,0.0271923,86.1,1.14,1.026
2MASS 02544513-1053530,WASP-50,b,0.005352875174216905,0.0294714,84,1.153,0.843
,WASP-52,b,0.004790738322230752,0.0271336,85.35,1.27,0.79
2MASS J13414903-0007410,WASP-54,b,0.010112854181044122,0.049881,84.97,1.653,1.828
,WASP-55,b,0.012226497954838822,0.0532575,89.6,1.3,1.06
2MASS J12132790+2303205,WASP-56,b,0.012641203595052317,0.056145,88.5,1.092,1.112
2MASS J14551682-0203275,WASP-57,b,0.007772844997640137,0.0386362,88,0.916,0.836
,WASP-58,b,0.013736583594992741,0.0562022,87.4,1.37,1.17
,WASP-59,b,0.02168310512880754,0.0696866,89.27,0.775,0.613
USNO-B1.0 0673-1077008,WASP-6,b,0.009202129459631144,0.0428704,88.47,1.224,0.87
,WASP-60,b,0.011786702387932207,0.0531041,87.9,0.86,1.14
,WASP-61,b,0.010557104326321265,0.0514489,89.35,1.24,1.36
,WASP-62,b,0.012079526985613235,0.0567187,88.3,1.39,1.28
,WASP-63,b,0.011986785785155371,0.0574592,87.8,1.43,1.88
,WASP-64,b,0.004307530192262706,0.0265195,86.57,1.271,1.058
,WASP-66,b,0.011187239618966687,0.0546221,85.9,1.39,1.75
,WASP-67,b,0.012633863260318826,0.0517914,85.8,1.4,0.87
,WASP-7,b,0.013565404032065733,0.0604573,89.6,0.915,1.236
,WASP-72,b,0.006069194648426783,0.036575,86.8,1.01,1.71
2MASS J02283722-0703384,WASP-77 A,b,0.003723641198765684,0.0240406,89.4,1.21,0.955
,WASP-78,b,0.005955436051787807,0.0361391,83.2,1.7,2.2
,WASP-79,b,0.010027268780235438,0.0534741,85.4,1.7,1.64
2MASS J23593607-3501530,WASP-8,b,0.022337821370814127,0.080153,88.55,1.038,0.945
2MASS J20124017-0208391,WASP-80,b,0.008399496026957758,0.0344696,89.92,0.952,0.571
,WTS-1,b,0.009177633385457126,0.0465809,85.5,1.49,1.15
TYC 2041-1657-1,XO-1,b,0.010791562448129451,0.049283,88.81,1.206,0.934
TYC 3413-5-1,XO-2,b,0.007161927090110107,0.0368367,88.9,0.983,0.971
GSC 03727-01064,XO-3,b,0.008738154047070365,0.0477112,79.32,1.217,2.07898
2MASS J07213317+5816051,XO-4,b,0.011294102407820077,0.05524,88.8,1.33,
GSC 02959-00729,XO-5,b,0.011465689645436313,0.0508651,86.9,1.03,1.05
Hamal b,alpha Ari,b,1.0404055198532327,1.1296,,,13.7883
HR 5460,alpha Cen B,b,0.008859053001550276,0.0418506,,,0.91
Pollux,beta Gem,b,1.6143808450797772,1.75739,,,8.15609
,beta Pic,b,19.60069241218235,8.76034,88.5,,
,epsilon CrB,b,1.144172280912279,1.23696,,,29.1175
,epsilon Eri,b,6.844773156929163,3.37558,,,0.74
,epsilon Ret,b,1.1720989553925498,1.19471,,,3.51559
,epsilon Tau,b,1.6287822751810488,1.93647,,,12.752
,gamma Cep,b,2.479379442725188,1.9793,,,5.01
41 Leo A,gamma Leo A,b,1.1731941190976585,1.29554,,,27.4346
,iota Dra,b,1.3993399483840727,1.31029,,,11.99
,iota Hor,b,0.8290389247672603,0.92376,,,1.21047
,kappa CrB,b,3.5592820416031645,2.71619,,,5.06
,mu Ara,b,1.7611601332778737,1.5273,,,1.25035
,mu Ara,e,0.850257694174648,0.93961,,,1.25035
,mu Ara,c,11.51509877736507,5.34057,,,1.25035
,mu Ara,d,0.026389612220150974,0.0927843,,,1.25035
2MASS J17412488-1252311,omega Ser,b,0.7584556239730067,1.07698,,,12.3
2MASS J15200853+2936584,omicron CrB,b,0.5142614968264019,0.826048,,,10.5
2MASS J08301592+6043056,omicron UMa,b,4.462792098317815,3.94973,,,14.1
,rho CrB,b,0.10909172078421073,0.225692,,,1.10084
,tau Boo,b,0.009069140993010536,0.0480039,47,,1.41847
,tau Gru,b,3.589399043493653,2.51797,,,1.54911
,upsilon And,b,0.012641300243249295,0.0593858,,,1.383
,upsilon And,d,3.4993815151703935,2.52452,,,1.383
,upsilon And,c,0.6607488143807163,0.830445,,,1.383
,xi Aql,b,0.3744090916840252,0.53813,,,10.45
